--
-- PostgreSQL database dump
--

-- Dumped from database version 14.11 (Ubuntu 14.11-0ubuntu0.22.04.1)
-- Dumped by pg_dump version 14.11 (Ubuntu 14.11-0ubuntu0.22.04.1)

SET statement_timeout = 0;
SET lock_timeout = 0;
SET idle_in_transaction_session_timeout = 0;
SET client_encoding = 'UTF8';
SET standard_conforming_strings = on;
SELECT pg_catalog.set_config('search_path', '', false);
SET check_function_bodies = false;
SET xmloption = content;
SET client_min_messages = warning;
SET row_security = off;

SET default_tablespace = '';

SET default_table_access_method = heap;

--
-- Name: auth_group; Type: TABLE; Schema: public; Owner: -
--

CREATE TABLE public.auth_group (
    id integer NOT NULL,
    name character varying(150) NOT NULL
);


--
-- Name: auth_group_id_seq; Type: SEQUENCE; Schema: public; Owner: -
--

CREATE SEQUENCE public.auth_group_id_seq
    AS integer
    START WITH 1
    INCREMENT BY 1
    NO MINVALUE
    NO MAXVALUE
    CACHE 1;


--
-- Name: auth_group_id_seq; Type: SEQUENCE OWNED BY; Schema: public; Owner: -
--

ALTER SEQUENCE public.auth_group_id_seq OWNED BY public.auth_group.id;


--
-- Name: auth_group_permissions; Type: TABLE; Schema: public; Owner: -
--

CREATE TABLE public.auth_group_permissions (
    id bigint NOT NULL,
    group_id integer NOT NULL,
    permission_id integer NOT NULL
);


--
-- Name: auth_group_permissions_id_seq; Type: SEQUENCE; Schema: public; Owner: -
--

CREATE SEQUENCE public.auth_group_permissions_id_seq
    START WITH 1
    INCREMENT BY 1
    NO MINVALUE
    NO MAXVALUE
    CACHE 1;


--
-- Name: auth_group_permissions_id_seq; Type: SEQUENCE OWNED BY; Schema: public; Owner: -
--

ALTER SEQUENCE public.auth_group_permissions_id_seq OWNED BY public.auth_group_permissions.id;


--
-- Name: auth_permission; Type: TABLE; Schema: public; Owner: -
--

CREATE TABLE public.auth_permission (
    id integer NOT NULL,
    name character varying(255) NOT NULL,
    content_type_id integer NOT NULL,
    codename character varying(100) NOT NULL
);


--
-- Name: auth_permission_id_seq; Type: SEQUENCE; Schema: public; Owner: -
--

CREATE SEQUENCE public.auth_permission_id_seq
    AS integer
    START WITH 1
    INCREMENT BY 1
    NO MINVALUE
    NO MAXVALUE
    CACHE 1;


--
-- Name: auth_permission_id_seq; Type: SEQUENCE OWNED BY; Schema: public; Owner: -
--

ALTER SEQUENCE public.auth_permission_id_seq OWNED BY public.auth_permission.id;


--
-- Name: auth_user; Type: TABLE; Schema: public; Owner: -
--

CREATE TABLE public.auth_user (
    id integer NOT NULL,
    password character varying(128) NOT NULL,
    last_login timestamp with time zone,
    is_superuser boolean NOT NULL,
    username character varying(150) NOT NULL,
    first_name character varying(150) NOT NULL,
    last_name character varying(150) NOT NULL,
    email character varying(254) NOT NULL,
    is_staff boolean NOT NULL,
    is_active boolean NOT NULL,
    date_joined timestamp with time zone NOT NULL
);


--
-- Name: auth_user_groups; Type: TABLE; Schema: public; Owner: -
--

CREATE TABLE public.auth_user_groups (
    id bigint NOT NULL,
    user_id integer NOT NULL,
    group_id integer NOT NULL
);


--
-- Name: auth_user_groups_id_seq; Type: SEQUENCE; Schema: public; Owner: -
--

CREATE SEQUENCE public.auth_user_groups_id_seq
    START WITH 1
    INCREMENT BY 1
    NO MINVALUE
    NO MAXVALUE
    CACHE 1;


--
-- Name: auth_user_groups_id_seq; Type: SEQUENCE OWNED BY; Schema: public; Owner: -
--

ALTER SEQUENCE public.auth_user_groups_id_seq OWNED BY public.auth_user_groups.id;


--
-- Name: auth_user_id_seq; Type: SEQUENCE; Schema: public; Owner: -
--

CREATE SEQUENCE public.auth_user_id_seq
    AS integer
    START WITH 1
    INCREMENT BY 1
    NO MINVALUE
    NO MAXVALUE
    CACHE 1;


--
-- Name: auth_user_id_seq; Type: SEQUENCE OWNED BY; Schema: public; Owner: -
--

ALTER SEQUENCE public.auth_user_id_seq OWNED BY public.auth_user.id;


--
-- Name: auth_user_user_permissions; Type: TABLE; Schema: public; Owner: -
--

CREATE TABLE public.auth_user_user_permissions (
    id bigint NOT NULL,
    user_id integer NOT NULL,
    permission_id integer NOT NULL
);


--
-- Name: auth_user_user_permissions_id_seq; Type: SEQUENCE; Schema: public; Owner: -
--

CREATE SEQUENCE public.auth_user_user_permissions_id_seq
    START WITH 1
    INCREMENT BY 1
    NO MINVALUE
    NO MAXVALUE
    CACHE 1;


--
-- Name: auth_user_user_permissions_id_seq; Type: SEQUENCE OWNED BY; Schema: public; Owner: -
--

ALTER SEQUENCE public.auth_user_user_permissions_id_seq OWNED BY public.auth_user_user_permissions.id;


--
-- Name: django_admin_log; Type: TABLE; Schema: public; Owner: -
--

CREATE TABLE public.django_admin_log (
    id integer NOT NULL,
    action_time timestamp with time zone NOT NULL,
    object_id text,
    object_repr character varying(200) NOT NULL,
    action_flag smallint NOT NULL,
    change_message text NOT NULL,
    content_type_id integer,
    user_id integer NOT NULL,
    CONSTRAINT django_admin_log_action_flag_check CHECK ((action_flag >= 0))
);


--
-- Name: django_admin_log_id_seq; Type: SEQUENCE; Schema: public; Owner: -
--

CREATE SEQUENCE public.django_admin_log_id_seq
    AS integer
    START WITH 1
    INCREMENT BY 1
    NO MINVALUE
    NO MAXVALUE
    CACHE 1;


--
-- Name: django_admin_log_id_seq; Type: SEQUENCE OWNED BY; Schema: public; Owner: -
--

ALTER SEQUENCE public.django_admin_log_id_seq OWNED BY public.django_admin_log.id;


--
-- Name: django_content_type; Type: TABLE; Schema: public; Owner: -
--

CREATE TABLE public.django_content_type (
    id integer NOT NULL,
    app_label character varying(100) NOT NULL,
    model character varying(100) NOT NULL
);


--
-- Name: django_content_type_id_seq; Type: SEQUENCE; Schema: public; Owner: -
--

CREATE SEQUENCE public.django_content_type_id_seq
    AS integer
    START WITH 1
    INCREMENT BY 1
    NO MINVALUE
    NO MAXVALUE
    CACHE 1;


--
-- Name: django_content_type_id_seq; Type: SEQUENCE OWNED BY; Schema: public; Owner: -
--

ALTER SEQUENCE public.django_content_type_id_seq OWNED BY public.django_content_type.id;


--
-- Name: django_migrations; Type: TABLE; Schema: public; Owner: -
--

CREATE TABLE public.django_migrations (
    id bigint NOT NULL,
    app character varying(255) NOT NULL,
    name character varying(255) NOT NULL,
    applied timestamp with time zone NOT NULL
);


--
-- Name: django_migrations_id_seq; Type: SEQUENCE; Schema: public; Owner: -
--

CREATE SEQUENCE public.django_migrations_id_seq
    START WITH 1
    INCREMENT BY 1
    NO MINVALUE
    NO MAXVALUE
    CACHE 1;


--
-- Name: django_migrations_id_seq; Type: SEQUENCE OWNED BY; Schema: public; Owner: -
--

ALTER SEQUENCE public.django_migrations_id_seq OWNED BY public.django_migrations.id;


--
-- Name: django_session; Type: TABLE; Schema: public; Owner: -
--

CREATE TABLE public.django_session (
    session_key character varying(40) NOT NULL,
    session_data text NOT NULL,
    expire_date timestamp with time zone NOT NULL
);


--
-- Name: kenonline_customer; Type: TABLE; Schema: public; Owner: -
--

CREATE TABLE public.kenonline_customer (
    id bigint NOT NULL,
    name character varying(200),
    email character varying(200) NOT NULL,
    user_id integer
);


--
-- Name: kenonline_customer_id_seq; Type: SEQUENCE; Schema: public; Owner: -
--

CREATE SEQUENCE public.kenonline_customer_id_seq
    START WITH 1
    INCREMENT BY 1
    NO MINVALUE
    NO MAXVALUE
    CACHE 1;


--
-- Name: kenonline_customer_id_seq; Type: SEQUENCE OWNED BY; Schema: public; Owner: -
--

ALTER SEQUENCE public.kenonline_customer_id_seq OWNED BY public.kenonline_customer.id;


--
-- Name: kenonline_order; Type: TABLE; Schema: public; Owner: -
--

CREATE TABLE public.kenonline_order (
    id bigint NOT NULL,
    date_ordered timestamp with time zone NOT NULL,
    complete boolean NOT NULL,
    transaction_id character varying(100),
    customer_id bigint
);


--
-- Name: kenonline_order_id_seq; Type: SEQUENCE; Schema: public; Owner: -
--

CREATE SEQUENCE public.kenonline_order_id_seq
    START WITH 1
    INCREMENT BY 1
    NO MINVALUE
    NO MAXVALUE
    CACHE 1;


--
-- Name: kenonline_order_id_seq; Type: SEQUENCE OWNED BY; Schema: public; Owner: -
--

ALTER SEQUENCE public.kenonline_order_id_seq OWNED BY public.kenonline_order.id;


--
-- Name: kenonline_orderitem; Type: TABLE; Schema: public; Owner: -
--

CREATE TABLE public.kenonline_orderitem (
    id bigint NOT NULL,
    quantity integer,
    date_added timestamp with time zone NOT NULL,
    order_id bigint,
    product_id bigint
);


--
-- Name: kenonline_orderitem_id_seq; Type: SEQUENCE; Schema: public; Owner: -
--

CREATE SEQUENCE public.kenonline_orderitem_id_seq
    START WITH 1
    INCREMENT BY 1
    NO MINVALUE
    NO MAXVALUE
    CACHE 1;


--
-- Name: kenonline_orderitem_id_seq; Type: SEQUENCE OWNED BY; Schema: public; Owner: -
--

ALTER SEQUENCE public.kenonline_orderitem_id_seq OWNED BY public.kenonline_orderitem.id;


--
-- Name: kenonline_product; Type: TABLE; Schema: public; Owner: -
--

CREATE TABLE public.kenonline_product (
    id bigint NOT NULL,
    name character varying(200) NOT NULL,
    price double precision NOT NULL,
    digital boolean,
    image character varying(100)
);


--
-- Name: kenonline_product_id_seq; Type: SEQUENCE; Schema: public; Owner: -
--

CREATE SEQUENCE public.kenonline_product_id_seq
    START WITH 1
    INCREMENT BY 1
    NO MINVALUE
    NO MAXVALUE
    CACHE 1;


--
-- Name: kenonline_product_id_seq; Type: SEQUENCE OWNED BY; Schema: public; Owner: -
--

ALTER SEQUENCE public.kenonline_product_id_seq OWNED BY public.kenonline_product.id;


--
-- Name: kenonline_shippingaddress; Type: TABLE; Schema: public; Owner: -
--

CREATE TABLE public.kenonline_shippingaddress (
    id bigint NOT NULL,
    address character varying(200) NOT NULL,
    city character varying(200) NOT NULL,
    state character varying(200) NOT NULL,
    zipcode character varying(200) NOT NULL,
    date_added timestamp with time zone NOT NULL,
    customer_id bigint,
    order_id bigint
);


--
-- Name: kenonline_shippingaddress_id_seq; Type: SEQUENCE; Schema: public; Owner: -
--

CREATE SEQUENCE public.kenonline_shippingaddress_id_seq
    START WITH 1
    INCREMENT BY 1
    NO MINVALUE
    NO MAXVALUE
    CACHE 1;


--
-- Name: kenonline_shippingaddress_id_seq; Type: SEQUENCE OWNED BY; Schema: public; Owner: -
--

ALTER SEQUENCE public.kenonline_shippingaddress_id_seq OWNED BY public.kenonline_shippingaddress.id;


--
-- Name: auth_group id; Type: DEFAULT; Schema: public; Owner: -
--

ALTER TABLE ONLY public.auth_group ALTER COLUMN id SET DEFAULT nextval('public.auth_group_id_seq'::regclass);


--
-- Name: auth_group_permissions id; Type: DEFAULT; Schema: public; Owner: -
--

ALTER TABLE ONLY public.auth_group_permissions ALTER COLUMN id SET DEFAULT nextval('public.auth_group_permissions_id_seq'::regclass);


--
-- Name: auth_permission id; Type: DEFAULT; Schema: public; Owner: -
--

ALTER TABLE ONLY public.auth_permission ALTER COLUMN id SET DEFAULT nextval('public.auth_permission_id_seq'::regclass);


--
-- Name: auth_user id; Type: DEFAULT; Schema: public; Owner: -
--

ALTER TABLE ONLY public.auth_user ALTER COLUMN id SET DEFAULT nextval('public.auth_user_id_seq'::regclass);


--
-- Name: auth_user_groups id; Type: DEFAULT; Schema: public; Owner: -
--

ALTER TABLE ONLY public.auth_user_groups ALTER COLUMN id SET DEFAULT nextval('public.auth_user_groups_id_seq'::regclass);


--
-- Name: auth_user_user_permissions id; Type: DEFAULT; Schema: public; Owner: -
--

ALTER TABLE ONLY public.auth_user_user_permissions ALTER COLUMN id SET DEFAULT nextval('public.auth_user_user_permissions_id_seq'::regclass);


--
-- Name: django_admin_log id; Type: DEFAULT; Schema: public; Owner: -
--

ALTER TABLE ONLY public.django_admin_log ALTER COLUMN id SET DEFAULT nextval('public.django_admin_log_id_seq'::regclass);


--
-- Name: django_content_type id; Type: DEFAULT; Schema: public; Owner: -
--

ALTER TABLE ONLY public.django_content_type ALTER COLUMN id SET DEFAULT nextval('public.django_content_type_id_seq'::regclass);


--
-- Name: django_migrations id; Type: DEFAULT; Schema: public; Owner: -
--

ALTER TABLE ONLY public.django_migrations ALTER COLUMN id SET DEFAULT nextval('public.django_migrations_id_seq'::regclass);


--
-- Name: kenonline_customer id; Type: DEFAULT; Schema: public; Owner: -
--

ALTER TABLE ONLY public.kenonline_customer ALTER COLUMN id SET DEFAULT nextval('public.kenonline_customer_id_seq'::regclass);


--
-- Name: kenonline_order id; Type: DEFAULT; Schema: public; Owner: -
--

ALTER TABLE ONLY public.kenonline_order ALTER COLUMN id SET DEFAULT nextval('public.kenonline_order_id_seq'::regclass);


--
-- Name: kenonline_orderitem id; Type: DEFAULT; Schema: public; Owner: -
--

ALTER TABLE ONLY public.kenonline_orderitem ALTER COLUMN id SET DEFAULT nextval('public.kenonline_orderitem_id_seq'::regclass);


--
-- Name: kenonline_product id; Type: DEFAULT; Schema: public; Owner: -
--

ALTER TABLE ONLY public.kenonline_product ALTER COLUMN id SET DEFAULT nextval('public.kenonline_product_id_seq'::regclass);


--
-- Name: kenonline_shippingaddress id; Type: DEFAULT; Schema: public; Owner: -
--

ALTER TABLE ONLY public.kenonline_shippingaddress ALTER COLUMN id SET DEFAULT nextval('public.kenonline_shippingaddress_id_seq'::regclass);


--
-- Data for Name: auth_group; Type: TABLE DATA; Schema: public; Owner: -
--

COPY public.auth_group (id, name) FROM stdin;
\.


--
-- Data for Name: auth_group_permissions; Type: TABLE DATA; Schema: public; Owner: -
--

COPY public.auth_group_permissions (id, group_id, permission_id) FROM stdin;
\.


--
-- Data for Name: auth_permission; Type: TABLE DATA; Schema: public; Owner: -
--

COPY public.auth_permission (id, name, content_type_id, codename) FROM stdin;
1	Can add log entry	1	add_logentry
2	Can change log entry	1	change_logentry
3	Can delete log entry	1	delete_logentry
4	Can view log entry	1	view_logentry
5	Can add permission	2	add_permission
6	Can change permission	2	change_permission
7	Can delete permission	2	delete_permission
8	Can view permission	2	view_permission
9	Can add group	3	add_group
10	Can change group	3	change_group
11	Can delete group	3	delete_group
12	Can view group	3	view_group
13	Can add user	4	add_user
14	Can change user	4	change_user
15	Can delete user	4	delete_user
16	Can view user	4	view_user
17	Can add content type	5	add_contenttype
18	Can change content type	5	change_contenttype
19	Can delete content type	5	delete_contenttype
20	Can view content type	5	view_contenttype
21	Can add session	6	add_session
22	Can change session	6	change_session
23	Can delete session	6	delete_session
24	Can view session	6	view_session
25	Can add order	7	add_order
26	Can change order	7	change_order
27	Can delete order	7	delete_order
28	Can view order	7	view_order
29	Can add product	8	add_product
30	Can change product	8	change_product
31	Can delete product	8	delete_product
32	Can view product	8	view_product
33	Can add customer	9	add_customer
34	Can change customer	9	change_customer
35	Can delete customer	9	delete_customer
36	Can view customer	9	view_customer
37	Can add shipping address	10	add_shippingaddress
38	Can change shipping address	10	change_shippingaddress
39	Can delete shipping address	10	delete_shippingaddress
40	Can view shipping address	10	view_shippingaddress
41	Can add order item	11	add_orderitem
42	Can change order item	11	change_orderitem
43	Can delete order item	11	delete_orderitem
44	Can view order item	11	view_orderitem
\.


--
-- Data for Name: auth_user; Type: TABLE DATA; Schema: public; Owner: -
--

COPY public.auth_user (id, password, last_login, is_superuser, username, first_name, last_name, email, is_staff, is_active, date_joined) FROM stdin;
1	pbkdf2_sha256$260000$HKI68Fp5KnTc6vToYAxdqJ$BarkLdkqIw6IeFlxOsNPYyzXJlUhtDp4s7X8tkiToM4=	2024-05-22 13:10:03.495-05	t	Ken			kjtruitt@hotmail.com	t	t	2024-02-07 18:23:51.281-06
4	pbkdf2_sha256$260000$OeZUvIqZqySmOFXZUyJGw4$TLwzxQvxPRc7iZ0kU8E2nQiQJFUFpRr+aBvBq/Zi4lE=	\N	f	kjtruitt			kjtruitt@hotmail.com	f	t	2024-05-20 17:08:12.783-05
6	pbkdf2_sha256$260000$zsCyqCHL1bOLqnIXLqAWjq$w/bvWp5oRJ0eQMwqKupx9u3xzeCCGuxRzP3Ppw40qZU=	2024-05-20 18:13:40.66-05	f	macheath			macheath@thebowery.com	f	t	2024-05-20 18:04:50.963-05
5	pbkdf2_sha256$260000$ZwI9GQHIZOXEEaRjo9lFis$wgcMS92/9KzD0GU9ov4HBkn7sCaQiEHEPqBMK/sJF6A=	2024-05-24 11:44:23.092567-05	t	ken			kjtruitt@hotmail.com	t	t	2024-05-20 17:11:09.373-05
\.


--
-- Data for Name: auth_user_groups; Type: TABLE DATA; Schema: public; Owner: -
--

COPY public.auth_user_groups (id, user_id, group_id) FROM stdin;
\.


--
-- Data for Name: auth_user_user_permissions; Type: TABLE DATA; Schema: public; Owner: -
--

COPY public.auth_user_user_permissions (id, user_id, permission_id) FROM stdin;
\.


--
-- Data for Name: django_admin_log; Type: TABLE DATA; Schema: public; Owner: -
--

COPY public.django_admin_log (id, action_time, object_id, object_repr, action_flag, change_message, content_type_id, user_id) FROM stdin;
1	2024-02-18 11:14:27.262-06	1	TheLeeShore.mp3	1	[{"added": {}}]	8	1
2	2024-02-18 11:15:23.918-06	2	CarefreeBreeze.mp3	1	[{"added": {}}]	8	1
3	2024-02-18 11:15:58.79-06	3	MountainMan.mp3	1	[{"added": {}}]	8	1
4	2024-02-18 11:16:16.207-06	4	SheKnows.mp3	1	[{"added": {}}]	8	1
5	2024-02-18 11:16:33.892-06	5	StartedWalking.mp3	1	[{"added": {}}]	8	1
6	2024-02-18 11:17:30.641-06	6	modes_part_1.pdf	1	[{"added": {}}]	8	1
7	2024-02-18 11:30:40.405-06	7	ChristmasEve.mp3	1	[{"added": {}}]	8	1
8	2024-02-18 11:31:06.487-06	8	ThursdayMorning.mp3	1	[{"added": {}}]	8	1
9	2024-02-18 11:31:28.241-06	9	JillsSkirt.mp3	1	[{"added": {}}]	8	1
10	2024-02-18 11:32:13.415-06	10	LockOfHair	1	[{"added": {}}]	8	1
11	2024-02-19 09:41:27.351-06	1	Simo Carruthers	1	[{"added": {}}]	9	1
12	2024-02-19 09:42:34.703-06	1	Simo Carruthers	3		9	1
13	2024-02-19 09:47:00.578-06	2	macheath	3		4	1
14	2024-02-19 09:47:22.419-06	3	macheath	1	[{"added": {}}]	4	1
15	2024-02-19 11:44:06.765-06	2	Ken Truitt	1	[{"added": {}}]	9	1
16	2024-02-19 11:44:53.573-06	1	1	1	[{"added": {}}]	7	1
17	2024-02-19 11:45:30.657-06	1	OrderItem object (1)	1	[{"added": {}}]	11	1
18	2024-02-19 11:45:52.471-06	2	OrderItem object (2)	1	[{"added": {}}]	11	1
19	2024-02-19 11:46:06.434-06	3	OrderItem object (3)	1	[{"added": {}}]	11	1
20	2024-02-19 19:25:22.891-06	2	2	3		7	1
21	2024-02-19 19:31:25.048-06	2	Ken	2	[{"changed": {"fields": ["Name"]}}]	9	1
22	2024-02-19 19:33:03.176-06	3	3	3		7	1
23	2024-02-19 19:33:34.573-06	3	OrderItem object (3)	3		11	1
24	2024-02-19 19:33:34.588-06	2	OrderItem object (2)	3		11	1
25	2024-02-19 19:35:31.789-06	4	4	3		7	1
26	2024-02-19 19:40:14.623-06	5	5	3		7	1
27	2024-02-19 19:40:35.931-06	1	1	2	[{"changed": {"fields": ["Customer"]}}]	7	1
28	2024-02-21 12:03:18.818-06	9	JillsSkirt.mp3	2	[{"changed": {"fields": ["Image"]}}]	8	1
29	2024-02-21 13:29:53.758-06	3	MountainMan.mp3	2	[{"changed": {"fields": ["Image"]}}]	8	1
30	2024-02-26 08:03:04.023-06	1	OrderItem object (1)	2	[{"changed": {"fields": ["Quantity"]}}]	11	1
31	2024-02-26 21:03:13.03-06	1	OrderItem object (1)	2	[{"changed": {"fields": ["Order", "Quantity"]}}]	11	1
32	2024-02-26 21:03:27.715-06	6	6	3		7	1
33	2024-02-28 13:06:36.708-06	7	7	3		7	1
34	2024-02-28 13:06:51.908-06	1	1	3		7	1
35	2024-02-28 13:07:11.568-06	4	OrderItem object (4)	3		11	1
36	2024-02-28 13:07:11.586-06	1	OrderItem object (1)	3		11	1
37	2024-05-20 17:58:36.766-05	3	macheath	3		4	5
38	2024-05-20 18:08:20.297-05	3	macheath	1	[{"added": {}}]	9	5
39	2024-05-20 18:13:09.996-05	3	macheath	2	[{"changed": {"fields": ["User"]}}]	9	5
40	2024-05-20 18:18:02.3-05	4	ken	1	[{"added": {}}]	9	5
41	2024-05-20 18:18:19.898-05	4	ken	2	[{"changed": {"fields": ["User"]}}]	9	5
\.


--
-- Data for Name: django_content_type; Type: TABLE DATA; Schema: public; Owner: -
--

COPY public.django_content_type (id, app_label, model) FROM stdin;
1	admin	logentry
2	auth	permission
3	auth	group
4	auth	user
5	contenttypes	contenttype
6	sessions	session
7	kenonline	order
8	kenonline	product
9	kenonline	customer
10	kenonline	shippingaddress
11	kenonline	orderitem
\.


--
-- Data for Name: django_migrations; Type: TABLE DATA; Schema: public; Owner: -
--

COPY public.django_migrations (id, app, name, applied) FROM stdin;
1	contenttypes	0001_initial	2024-05-23 11:29:41.47449-05
2	auth	0001_initial	2024-05-23 11:29:41.61887-05
3	admin	0001_initial	2024-05-23 11:29:41.654857-05
4	admin	0002_logentry_remove_auto_add	2024-05-23 11:29:41.66965-05
5	admin	0003_logentry_add_action_flag_choices	2024-05-23 11:29:41.681614-05
6	contenttypes	0002_remove_content_type_name	2024-05-23 11:29:41.70346-05
7	auth	0002_alter_permission_name_max_length	2024-05-23 11:29:41.715273-05
8	auth	0003_alter_user_email_max_length	2024-05-23 11:29:41.734097-05
9	auth	0004_alter_user_username_opts	2024-05-23 11:29:41.745731-05
10	auth	0005_alter_user_last_login_null	2024-05-23 11:29:41.759131-05
11	auth	0006_require_contenttypes_0002	2024-05-23 11:29:41.76396-05
12	auth	0007_alter_validators_add_error_messages	2024-05-23 11:29:41.777865-05
13	auth	0008_alter_user_username_max_length	2024-05-23 11:29:41.800678-05
14	auth	0009_alter_user_last_name_max_length	2024-05-23 11:29:41.816199-05
15	auth	0010_alter_group_name_max_length	2024-05-23 11:29:41.831489-05
16	auth	0011_update_proxy_permissions	2024-05-23 11:29:41.844534-05
17	auth	0012_alter_user_first_name_max_length	2024-05-23 11:29:41.858552-05
18	kenonline	0001_initial	2024-05-23 11:29:41.985193-05
19	sessions	0001_initial	2024-05-23 11:29:42.013384-05
\.


--
-- Data for Name: django_session; Type: TABLE DATA; Schema: public; Owner: -
--

COPY public.django_session (session_key, session_data, expire_date) FROM stdin;
2d95w3wrduqmrxdzew7jii8pvezgthqc	eyJkb19kb3dubG9hZCI6IlRoZUxlZVNob3JlLm1wMyJ9:1rg8T8:Gok3A1JRY1Fb8IN3r8aOsWGRl4LXRUXAd1g-7OhgOJ4	2024-03-15 14:22:54.762-05
9g5n6seov90pdqrvoqgvdmylzj2c1els	.eJxVjDsOwyAQBe9CHaGYzwIp0-cMaGEhdmyBZWyliHL3xJIbtzPz3odR9VTfZapI7MbaOMzswjxua--3lhY_7FifWcA4prILemF5Vh5rWZch8D3hh238USlN96M9HfTY-v_aSBs7DBqtixGUo-AsZVIydwCg6UpZO2NBCjIiCAnZCKtS6oQwOgGy7w8Jsj7F:1s9CLz:NSnxVGT2DiWbG_vJdiO80xf07RCcCIPri30xv7RXmoM	2024-06-03 18:23:39.851-05
a1l0op0qvujmhmzknwfc6jj82r2jbfh9	e30:1rXtSA:2-XAPXC70VxveIDAdGbebkjP1g_eWdT-8piIdUteCGI	2024-02-21 19:43:50.195-06
a71l006119nz0fe8gwdl4ww2rt22p9nb	eyJkb19kb3dubG9hZCI6IlRoZUxlZVNob3JlLm1wMyJ9:1rhaoL:SDxZCaCHC2n3YwsTGzkhLV4nDbxtGulcx9zpzfPI5m4	2024-03-19 14:50:49.458-05
ar42nafukqkapsjhd6qqnvh2kmmmn116	e30:1rXtP7:y3xuaYyjkQCdWAthZpVoLqM9ckHHdcHsKjKGfKxSJx0	2024-02-21 19:40:41.591-06
desbupt2lvigpchrq9atev65yc9zpr8i	eyJkb19kb3dubG9hZCI6IlRoZUxlZVNob3JlLm1wMyJ9:1rhgKY:U40SXKwFbv0FeUY-lFniv1lYKt0Tsz11MyVIocw3xww	2024-03-19 20:44:26.386-05
h6exxuqyp86vzzj8sw6tbq35ustl2ytf	.eJxVjMsKwjAURP8lawlpXiQu3fsN4b40VUmhaVfiv9tCF7oamHNm3qrAutSydpnLyOqsrDr9dgj0lLYDfkC7T5qmtswj6l3RB-36OrG8Lof7d1Ch120tPmUgM9w454RRbEhWMqRA1jFADmyCNwhM6CWmiFu47AZjnI2OUH2-8Ds3_Q:1rXu5V:W619v-wwe1u24BdOwHhZUxK6jKPviCVBHR94QvwDESk	2024-02-21 20:24:29.328-06
t3w0s217xxwd4bp9hp60lq1dwbpcsmno	.eJxVjssOwiAURP-FtSGUR4su3fsN5MK9SG0DTWnjwvjvStKFbufMnMyLOdi35PZKqxuRXVjHTr-ZhzBRbgAfkO-Fh5K3dfS8VfhBK78VpPl6dP8ECWr6ro1AK8KggtQw9PEMg0AVpaRoEEj5YLVXYIMEqQX6zmppCRUSGEU9NikWh-WZ5wLtTp3Ghb0_43w_3w:1rhze4:WGKPOFWa3OYN00Hj2KqYAZABXgnJYJo7z2KEodUaSDk	2024-03-20 17:21:52.323-05
unvbwejq6j67gboaie29iirgtckggqvv	e30:1rXtX2:KzkKsfuru7NLHmHx9oUAb-DuFUIXE-2BkvnvPB78XY4	2024-02-21 19:48:52.268-06
1w97tttgah07s94fz1mp6n95brzxso32	.eJxVjDsOwyAQBe9CHaGYzwIp0-cMaGEhdmyBZWyliHL3xJIbtzPz3odR9VTfZapI7MbaOMzswjxua--3lhY_7FifWcA4prILemF5Vh5rWZch8D3hh238USlN96M9HfTY-v_aSBs7DBqtixGUo-AsZVIydwCg6UpZO2NBCjIiCAnZCKtS6oQwOgGy7w8Jsj7F:1sAXYB:O6HTmelTfdlAqDWPnLwt7Xq4W_urho40nmyFD2OSZgc	2024-06-07 11:13:47.044802-05
bx5fqvesiyp9ybd7bxz7k5pyaco8dk0w	.eJxVjDsOwyAQBe9CHaGYzwIp0-cMaGEhdmyBZWyliHL3xJIbtzPz3odR9VTfZapI7MbaOMzswjxua--3lhY_7FifWcA4prILemF5Vh5rWZch8D3hh238USlN96M9HfTY-v_aSBs7DBqtixGUo-AsZVIydwCg6UpZO2NBCjIiCAnZCKtS6oQwOgGy7w8Jsj7F:1sAY1n:MuE4kYfVSODnb_-2nP8Yo8pCpotwnVrat9MXnrcnFpo	2024-06-07 11:44:23.096414-05
\.


--
-- Data for Name: kenonline_customer; Type: TABLE DATA; Schema: public; Owner: -
--

COPY public.kenonline_customer (id, name, email, user_id) FROM stdin;
2	Ken	kjtruitt@hotmail.com	1
3	macheath	macheath@thebowery.com	6
4	ken	kjtruitt@hotmail.com	5
\.


--
-- Data for Name: kenonline_order; Type: TABLE DATA; Schema: public; Owner: -
--

COPY public.kenonline_order (id, date_ordered, complete, transaction_id, customer_id) FROM stdin;
8	2024-02-28 13:07:36.441-06	t	1709166469.702931	2
9	2024-02-28 18:27:53.559-06	t	1709169222.928232	2
10	2024-02-28 19:13:44.371-06	t	1709175580.660387	2
11	2024-02-28 20:59:43.625-06	t	1709694695.940932	2
12	2024-03-05 21:11:49.346-06	t	1709694858.591217	2
13	2024-03-06 14:00:14.141-06	t	1709763710.070992	2
14	2024-03-06 16:21:52.305-06	f	\N	2
15	2024-05-20 18:13:40.703-05	f	\N	3
16	2024-05-20 18:18:39.535-05	f	\N	4
\.


--
-- Data for Name: kenonline_orderitem; Type: TABLE DATA; Schema: public; Owner: -
--

COPY public.kenonline_orderitem (id, quantity, date_added, order_id, product_id) FROM stdin;
5	1	2024-02-28 18:26:28.944-06	8	4
6	1	2024-02-28 19:12:40.421-06	9	1
7	1	2024-02-28 20:58:50.085-06	10	2
8	1	2024-03-05 21:11:03.344-06	11	2
9	1	2024-03-05 21:13:15.171-06	12	3
10	1	2024-03-06 16:21:09.639-06	13	1
11	1	2024-03-06 16:25:41.948-06	14	4
12	1	2024-05-20 18:14:08.329-05	15	5
13	1	2024-05-20 18:16:00.222-05	15	7
\.


--
-- Data for Name: kenonline_product; Type: TABLE DATA; Schema: public; Owner: -
--

COPY public.kenonline_product (id, name, price, digital, image) FROM stdin;
1	TheLeeShore.mp3	0.99	t	
2	CarefreeBreeze.mp3	0.99	t	
3	MountainMan.mp3	0.99	t	music_sales_Di9t7p9.png
4	SheKnows.mp3	0.99	t	
5	StartedWalking.mp3	0.99	t	
6	modes_part_1.pdf	4.99	t	
7	ChristmasEve.mp3	0.99	t	
8	ThursdayMorning.mp3	0.99	t	
9	JillsSkirt.mp3	0.99	t	music_sales.png
10	LockOfHair	29.99	f	
\.


--
-- Data for Name: kenonline_shippingaddress; Type: TABLE DATA; Schema: public; Owner: -
--

COPY public.kenonline_shippingaddress (id, address, city, state, zipcode, date_added, customer_id, order_id) FROM stdin;
\.


--
-- Name: auth_group_id_seq; Type: SEQUENCE SET; Schema: public; Owner: -
--

SELECT pg_catalog.setval('public.auth_group_id_seq', 1, false);


--
-- Name: auth_group_permissions_id_seq; Type: SEQUENCE SET; Schema: public; Owner: -
--

SELECT pg_catalog.setval('public.auth_group_permissions_id_seq', 1, false);


--
-- Name: auth_permission_id_seq; Type: SEQUENCE SET; Schema: public; Owner: -
--

SELECT pg_catalog.setval('public.auth_permission_id_seq', 44, true);


--
-- Name: auth_user_groups_id_seq; Type: SEQUENCE SET; Schema: public; Owner: -
--

SELECT pg_catalog.setval('public.auth_user_groups_id_seq', 1, false);


--
-- Name: auth_user_id_seq; Type: SEQUENCE SET; Schema: public; Owner: -
--

SELECT pg_catalog.setval('public.auth_user_id_seq', 6, true);


--
-- Name: auth_user_user_permissions_id_seq; Type: SEQUENCE SET; Schema: public; Owner: -
--

SELECT pg_catalog.setval('public.auth_user_user_permissions_id_seq', 1, false);


--
-- Name: django_admin_log_id_seq; Type: SEQUENCE SET; Schema: public; Owner: -
--

SELECT pg_catalog.setval('public.django_admin_log_id_seq', 41, true);


--
-- Name: django_content_type_id_seq; Type: SEQUENCE SET; Schema: public; Owner: -
--

SELECT pg_catalog.setval('public.django_content_type_id_seq', 11, true);


--
-- Name: django_migrations_id_seq; Type: SEQUENCE SET; Schema: public; Owner: -
--

SELECT pg_catalog.setval('public.django_migrations_id_seq', 19, true);


--
-- Name: kenonline_customer_id_seq; Type: SEQUENCE SET; Schema: public; Owner: -
--

SELECT pg_catalog.setval('public.kenonline_customer_id_seq', 4, true);


--
-- Name: kenonline_order_id_seq; Type: SEQUENCE SET; Schema: public; Owner: -
--

SELECT pg_catalog.setval('public.kenonline_order_id_seq', 16, true);


--
-- Name: kenonline_orderitem_id_seq; Type: SEQUENCE SET; Schema: public; Owner: -
--

SELECT pg_catalog.setval('public.kenonline_orderitem_id_seq', 15, true);


--
-- Name: kenonline_product_id_seq; Type: SEQUENCE SET; Schema: public; Owner: -
--

SELECT pg_catalog.setval('public.kenonline_product_id_seq', 10, true);


--
-- Name: kenonline_shippingaddress_id_seq; Type: SEQUENCE SET; Schema: public; Owner: -
--

SELECT pg_catalog.setval('public.kenonline_shippingaddress_id_seq', 1, false);


--
-- Name: auth_group auth_group_name_key; Type: CONSTRAINT; Schema: public; Owner: -
--

ALTER TABLE ONLY public.auth_group
    ADD CONSTRAINT auth_group_name_key UNIQUE (name);


--
-- Name: auth_group_permissions auth_group_permissions_group_id_permission_id_0cd325b0_uniq; Type: CONSTRAINT; Schema: public; Owner: -
--

ALTER TABLE ONLY public.auth_group_permissions
    ADD CONSTRAINT auth_group_permissions_group_id_permission_id_0cd325b0_uniq UNIQUE (group_id, permission_id);


--
-- Name: auth_group_permissions auth_group_permissions_pkey; Type: CONSTRAINT; Schema: public; Owner: -
--

ALTER TABLE ONLY public.auth_group_permissions
    ADD CONSTRAINT auth_group_permissions_pkey PRIMARY KEY (id);


--
-- Name: auth_group auth_group_pkey; Type: CONSTRAINT; Schema: public; Owner: -
--

ALTER TABLE ONLY public.auth_group
    ADD CONSTRAINT auth_group_pkey PRIMARY KEY (id);


--
-- Name: auth_permission auth_permission_content_type_id_codename_01ab375a_uniq; Type: CONSTRAINT; Schema: public; Owner: -
--

ALTER TABLE ONLY public.auth_permission
    ADD CONSTRAINT auth_permission_content_type_id_codename_01ab375a_uniq UNIQUE (content_type_id, codename);


--
-- Name: auth_permission auth_permission_pkey; Type: CONSTRAINT; Schema: public; Owner: -
--

ALTER TABLE ONLY public.auth_permission
    ADD CONSTRAINT auth_permission_pkey PRIMARY KEY (id);


--
-- Name: auth_user_groups auth_user_groups_pkey; Type: CONSTRAINT; Schema: public; Owner: -
--

ALTER TABLE ONLY public.auth_user_groups
    ADD CONSTRAINT auth_user_groups_pkey PRIMARY KEY (id);


--
-- Name: auth_user_groups auth_user_groups_user_id_group_id_94350c0c_uniq; Type: CONSTRAINT; Schema: public; Owner: -
--

ALTER TABLE ONLY public.auth_user_groups
    ADD CONSTRAINT auth_user_groups_user_id_group_id_94350c0c_uniq UNIQUE (user_id, group_id);


--
-- Name: auth_user auth_user_pkey; Type: CONSTRAINT; Schema: public; Owner: -
--

ALTER TABLE ONLY public.auth_user
    ADD CONSTRAINT auth_user_pkey PRIMARY KEY (id);


--
-- Name: auth_user_user_permissions auth_user_user_permissions_pkey; Type: CONSTRAINT; Schema: public; Owner: -
--

ALTER TABLE ONLY public.auth_user_user_permissions
    ADD CONSTRAINT auth_user_user_permissions_pkey PRIMARY KEY (id);


--
-- Name: auth_user_user_permissions auth_user_user_permissions_user_id_permission_id_14a6b632_uniq; Type: CONSTRAINT; Schema: public; Owner: -
--

ALTER TABLE ONLY public.auth_user_user_permissions
    ADD CONSTRAINT auth_user_user_permissions_user_id_permission_id_14a6b632_uniq UNIQUE (user_id, permission_id);


--
-- Name: auth_user auth_user_username_key; Type: CONSTRAINT; Schema: public; Owner: -
--

ALTER TABLE ONLY public.auth_user
    ADD CONSTRAINT auth_user_username_key UNIQUE (username);


--
-- Name: django_admin_log django_admin_log_pkey; Type: CONSTRAINT; Schema: public; Owner: -
--

ALTER TABLE ONLY public.django_admin_log
    ADD CONSTRAINT django_admin_log_pkey PRIMARY KEY (id);


--
-- Name: django_content_type django_content_type_app_label_model_76bd3d3b_uniq; Type: CONSTRAINT; Schema: public; Owner: -
--

ALTER TABLE ONLY public.django_content_type
    ADD CONSTRAINT django_content_type_app_label_model_76bd3d3b_uniq UNIQUE (app_label, model);


--
-- Name: django_content_type django_content_type_pkey; Type: CONSTRAINT; Schema: public; Owner: -
--

ALTER TABLE ONLY public.django_content_type
    ADD CONSTRAINT django_content_type_pkey PRIMARY KEY (id);


--
-- Name: django_migrations django_migrations_pkey; Type: CONSTRAINT; Schema: public; Owner: -
--

ALTER TABLE ONLY public.django_migrations
    ADD CONSTRAINT django_migrations_pkey PRIMARY KEY (id);


--
-- Name: django_session django_session_pkey; Type: CONSTRAINT; Schema: public; Owner: -
--

ALTER TABLE ONLY public.django_session
    ADD CONSTRAINT django_session_pkey PRIMARY KEY (session_key);


--
-- Name: kenonline_customer kenonline_customer_pkey; Type: CONSTRAINT; Schema: public; Owner: -
--

ALTER TABLE ONLY public.kenonline_customer
    ADD CONSTRAINT kenonline_customer_pkey PRIMARY KEY (id);


--
-- Name: kenonline_customer kenonline_customer_user_id_key; Type: CONSTRAINT; Schema: public; Owner: -
--

ALTER TABLE ONLY public.kenonline_customer
    ADD CONSTRAINT kenonline_customer_user_id_key UNIQUE (user_id);


--
-- Name: kenonline_order kenonline_order_pkey; Type: CONSTRAINT; Schema: public; Owner: -
--

ALTER TABLE ONLY public.kenonline_order
    ADD CONSTRAINT kenonline_order_pkey PRIMARY KEY (id);


--
-- Name: kenonline_orderitem kenonline_orderitem_pkey; Type: CONSTRAINT; Schema: public; Owner: -
--

ALTER TABLE ONLY public.kenonline_orderitem
    ADD CONSTRAINT kenonline_orderitem_pkey PRIMARY KEY (id);


--
-- Name: kenonline_product kenonline_product_pkey; Type: CONSTRAINT; Schema: public; Owner: -
--

ALTER TABLE ONLY public.kenonline_product
    ADD CONSTRAINT kenonline_product_pkey PRIMARY KEY (id);


--
-- Name: kenonline_shippingaddress kenonline_shippingaddress_pkey; Type: CONSTRAINT; Schema: public; Owner: -
--

ALTER TABLE ONLY public.kenonline_shippingaddress
    ADD CONSTRAINT kenonline_shippingaddress_pkey PRIMARY KEY (id);


--
-- Name: auth_group_name_a6ea08ec_like; Type: INDEX; Schema: public; Owner: -
--

CREATE INDEX auth_group_name_a6ea08ec_like ON public.auth_group USING btree (name varchar_pattern_ops);


--
-- Name: auth_group_permissions_group_id_b120cbf9; Type: INDEX; Schema: public; Owner: -
--

CREATE INDEX auth_group_permissions_group_id_b120cbf9 ON public.auth_group_permissions USING btree (group_id);


--
-- Name: auth_group_permissions_permission_id_84c5c92e; Type: INDEX; Schema: public; Owner: -
--

CREATE INDEX auth_group_permissions_permission_id_84c5c92e ON public.auth_group_permissions USING btree (permission_id);


--
-- Name: auth_permission_content_type_id_2f476e4b; Type: INDEX; Schema: public; Owner: -
--

CREATE INDEX auth_permission_content_type_id_2f476e4b ON public.auth_permission USING btree (content_type_id);


--
-- Name: auth_user_groups_group_id_97559544; Type: INDEX; Schema: public; Owner: -
--

CREATE INDEX auth_user_groups_group_id_97559544 ON public.auth_user_groups USING btree (group_id);


--
-- Name: auth_user_groups_user_id_6a12ed8b; Type: INDEX; Schema: public; Owner: -
--

CREATE INDEX auth_user_groups_user_id_6a12ed8b ON public.auth_user_groups USING btree (user_id);


--
-- Name: auth_user_user_permissions_permission_id_1fbb5f2c; Type: INDEX; Schema: public; Owner: -
--

CREATE INDEX auth_user_user_permissions_permission_id_1fbb5f2c ON public.auth_user_user_permissions USING btree (permission_id);


--
-- Name: auth_user_user_permissions_user_id_a95ead1b; Type: INDEX; Schema: public; Owner: -
--

CREATE INDEX auth_user_user_permissions_user_id_a95ead1b ON public.auth_user_user_permissions USING btree (user_id);


--
-- Name: auth_user_username_6821ab7c_like; Type: INDEX; Schema: public; Owner: -
--

CREATE INDEX auth_user_username_6821ab7c_like ON public.auth_user USING btree (username varchar_pattern_ops);


--
-- Name: django_admin_log_content_type_id_c4bce8eb; Type: INDEX; Schema: public; Owner: -
--

CREATE INDEX django_admin_log_content_type_id_c4bce8eb ON public.django_admin_log USING btree (content_type_id);


--
-- Name: django_admin_log_user_id_c564eba6; Type: INDEX; Schema: public; Owner: -
--

CREATE INDEX django_admin_log_user_id_c564eba6 ON public.django_admin_log USING btree (user_id);


--
-- Name: django_session_expire_date_a5c62663; Type: INDEX; Schema: public; Owner: -
--

CREATE INDEX django_session_expire_date_a5c62663 ON public.django_session USING btree (expire_date);


--
-- Name: django_session_session_key_c0390e0f_like; Type: INDEX; Schema: public; Owner: -
--

CREATE INDEX django_session_session_key_c0390e0f_like ON public.django_session USING btree (session_key varchar_pattern_ops);


--
-- Name: kenonline_order_customer_id_649d2b4b; Type: INDEX; Schema: public; Owner: -
--

CREATE INDEX kenonline_order_customer_id_649d2b4b ON public.kenonline_order USING btree (customer_id);


--
-- Name: kenonline_orderitem_order_id_7d386469; Type: INDEX; Schema: public; Owner: -
--

CREATE INDEX kenonline_orderitem_order_id_7d386469 ON public.kenonline_orderitem USING btree (order_id);


--
-- Name: kenonline_orderitem_product_id_f1ff9d7b; Type: INDEX; Schema: public; Owner: -
--

CREATE INDEX kenonline_orderitem_product_id_f1ff9d7b ON public.kenonline_orderitem USING btree (product_id);


--
-- Name: kenonline_shippingaddress_customer_id_73c3d348; Type: INDEX; Schema: public; Owner: -
--

CREATE INDEX kenonline_shippingaddress_customer_id_73c3d348 ON public.kenonline_shippingaddress USING btree (customer_id);


--
-- Name: kenonline_shippingaddress_order_id_3e733a06; Type: INDEX; Schema: public; Owner: -
--

CREATE INDEX kenonline_shippingaddress_order_id_3e733a06 ON public.kenonline_shippingaddress USING btree (order_id);


--
-- Name: auth_group_permissions auth_group_permissio_permission_id_84c5c92e_fk_auth_perm; Type: FK CONSTRAINT; Schema: public; Owner: -
--

ALTER TABLE ONLY public.auth_group_permissions
    ADD CONSTRAINT auth_group_permissio_permission_id_84c5c92e_fk_auth_perm FOREIGN KEY (permission_id) REFERENCES public.auth_permission(id) DEFERRABLE INITIALLY DEFERRED;


--
-- Name: auth_group_permissions auth_group_permissions_group_id_b120cbf9_fk_auth_group_id; Type: FK CONSTRAINT; Schema: public; Owner: -
--

ALTER TABLE ONLY public.auth_group_permissions
    ADD CONSTRAINT auth_group_permissions_group_id_b120cbf9_fk_auth_group_id FOREIGN KEY (group_id) REFERENCES public.auth_group(id) DEFERRABLE INITIALLY DEFERRED;


--
-- Name: auth_permission auth_permission_content_type_id_2f476e4b_fk_django_co; Type: FK CONSTRAINT; Schema: public; Owner: -
--

ALTER TABLE ONLY public.auth_permission
    ADD CONSTRAINT auth_permission_content_type_id_2f476e4b_fk_django_co FOREIGN KEY (content_type_id) REFERENCES public.django_content_type(id) DEFERRABLE INITIALLY DEFERRED;


--
-- Name: auth_user_groups auth_user_groups_group_id_97559544_fk_auth_group_id; Type: FK CONSTRAINT; Schema: public; Owner: -
--

ALTER TABLE ONLY public.auth_user_groups
    ADD CONSTRAINT auth_user_groups_group_id_97559544_fk_auth_group_id FOREIGN KEY (group_id) REFERENCES public.auth_group(id) DEFERRABLE INITIALLY DEFERRED;


--
-- Name: auth_user_groups auth_user_groups_user_id_6a12ed8b_fk_auth_user_id; Type: FK CONSTRAINT; Schema: public; Owner: -
--

ALTER TABLE ONLY public.auth_user_groups
    ADD CONSTRAINT auth_user_groups_user_id_6a12ed8b_fk_auth_user_id FOREIGN KEY (user_id) REFERENCES public.auth_user(id) DEFERRABLE INITIALLY DEFERRED;


--
-- Name: auth_user_user_permissions auth_user_user_permi_permission_id_1fbb5f2c_fk_auth_perm; Type: FK CONSTRAINT; Schema: public; Owner: -
--

ALTER TABLE ONLY public.auth_user_user_permissions
    ADD CONSTRAINT auth_user_user_permi_permission_id_1fbb5f2c_fk_auth_perm FOREIGN KEY (permission_id) REFERENCES public.auth_permission(id) DEFERRABLE INITIALLY DEFERRED;


--
-- Name: auth_user_user_permissions auth_user_user_permissions_user_id_a95ead1b_fk_auth_user_id; Type: FK CONSTRAINT; Schema: public; Owner: -
--

ALTER TABLE ONLY public.auth_user_user_permissions
    ADD CONSTRAINT auth_user_user_permissions_user_id_a95ead1b_fk_auth_user_id FOREIGN KEY (user_id) REFERENCES public.auth_user(id) DEFERRABLE INITIALLY DEFERRED;


--
-- Name: django_admin_log django_admin_log_content_type_id_c4bce8eb_fk_django_co; Type: FK CONSTRAINT; Schema: public; Owner: -
--

ALTER TABLE ONLY public.django_admin_log
    ADD CONSTRAINT django_admin_log_content_type_id_c4bce8eb_fk_django_co FOREIGN KEY (content_type_id) REFERENCES public.django_content_type(id) DEFERRABLE INITIALLY DEFERRED;


--
-- Name: django_admin_log django_admin_log_user_id_c564eba6_fk_auth_user_id; Type: FK CONSTRAINT; Schema: public; Owner: -
--

ALTER TABLE ONLY public.django_admin_log
    ADD CONSTRAINT django_admin_log_user_id_c564eba6_fk_auth_user_id FOREIGN KEY (user_id) REFERENCES public.auth_user(id) DEFERRABLE INITIALLY DEFERRED;


--
-- Name: kenonline_customer kenonline_customer_user_id_870c70c2_fk_auth_user_id; Type: FK CONSTRAINT; Schema: public; Owner: -
--

ALTER TABLE ONLY public.kenonline_customer
    ADD CONSTRAINT kenonline_customer_user_id_870c70c2_fk_auth_user_id FOREIGN KEY (user_id) REFERENCES public.auth_user(id) DEFERRABLE INITIALLY DEFERRED;


--
-- Name: kenonline_order kenonline_order_customer_id_649d2b4b_fk_kenonline_customer_id; Type: FK CONSTRAINT; Schema: public; Owner: -
--

ALTER TABLE ONLY public.kenonline_order
    ADD CONSTRAINT kenonline_order_customer_id_649d2b4b_fk_kenonline_customer_id FOREIGN KEY (customer_id) REFERENCES public.kenonline_customer(id) DEFERRABLE INITIALLY DEFERRED;


--
-- Name: kenonline_orderitem kenonline_orderitem_order_id_7d386469_fk_kenonline_order_id; Type: FK CONSTRAINT; Schema: public; Owner: -
--

ALTER TABLE ONLY public.kenonline_orderitem
    ADD CONSTRAINT kenonline_orderitem_order_id_7d386469_fk_kenonline_order_id FOREIGN KEY (order_id) REFERENCES public.kenonline_order(id) DEFERRABLE INITIALLY DEFERRED;


--
-- Name: kenonline_orderitem kenonline_orderitem_product_id_f1ff9d7b_fk_kenonline_product_id; Type: FK CONSTRAINT; Schema: public; Owner: -
--

ALTER TABLE ONLY public.kenonline_orderitem
    ADD CONSTRAINT kenonline_orderitem_product_id_f1ff9d7b_fk_kenonline_product_id FOREIGN KEY (product_id) REFERENCES public.kenonline_product(id) DEFERRABLE INITIALLY DEFERRED;


--
-- Name: kenonline_shippingaddress kenonline_shippingad_customer_id_73c3d348_fk_kenonline; Type: FK CONSTRAINT; Schema: public; Owner: -
--

ALTER TABLE ONLY public.kenonline_shippingaddress
    ADD CONSTRAINT kenonline_shippingad_customer_id_73c3d348_fk_kenonline FOREIGN KEY (customer_id) REFERENCES public.kenonline_customer(id) DEFERRABLE INITIALLY DEFERRED;


--
-- Name: kenonline_shippingaddress kenonline_shippingad_order_id_3e733a06_fk_kenonline; Type: FK CONSTRAINT; Schema: public; Owner: -
--

ALTER TABLE ONLY public.kenonline_shippingaddress
    ADD CONSTRAINT kenonline_shippingad_order_id_3e733a06_fk_kenonline FOREIGN KEY (order_id) REFERENCES public.kenonline_order(id) DEFERRABLE INITIALLY DEFERRED;


--
-- PostgreSQL database dump complete
--

